{
    "train_loss": [
        0.7457719266028101,
        0.36089206450025707,
        0.293226391888778,
        0.22256825081569212,
        0.21033542818751008,
        0.17483645713901397,
        0.21141602972911336,
        0.1850464950585025,
        0.210092444994261,
        0.1425501690899661,
        0.1612893688104728,
        0.14593859231812173,
        0.13455865656239513,
        0.11647934113881622,
        0.13670329953677923,
        0.12756429935011881,
        0.13143003801543426,
        0.13900555800429115,
        0.10783394812262012,
        0.11791391412107861
    ],
    "train_accuracy": [
        0.6448767833981842,
        0.8612191958495461,
        0.8972762645914397,
        0.9130998702983139,
        0.9245136186770428,
        0.9405966277561608,
        0.9190661478599221,
        0.9359273670557717,
        0.9315175097276265,
        0.9460440985732814,
        0.9390402075226978,
        0.9494163424124513,
        0.9509727626459143,
        0.9577172503242543,
        0.9540856031128405,
        0.9556420233463035,
        0.9437094682230869,
        0.949935149156939,
        0.9623865110246433,
        0.9561608300907912
    ],
    "val_loss": [
        0.4790175319335621,
        0.28267707169982437,
        0.6937559404521408,
        0.2916396442472626,
        0.3011022650661916,
        0.25888788514804345,
        0.34725523917631784,
        0.28832149937980356,
        0.2782612489295129,
        0.19648455460862346,
        0.28897075270115097,
        0.2966480773193231,
        0.2936979742247824,
        2.9893039598327533,
        1.296830671438899,
        0.3163689288450646,
        0.22426537777794225,
        18.709588717920173,
        0.3518503780471923,
        0.2084714498544604
    ],
    "val_accuracy": [
        0.7461139896373057,
        0.8704663212435233,
        0.7668393782383419,
        0.8860103626943006,
        0.8704663212435233,
        0.8963730569948186,
        0.917098445595855,
        0.9015544041450777,
        0.8860103626943006,
        0.9222797927461139,
        0.8963730569948186,
        0.9326424870466321,
        0.927461139896373,
        0.6839378238341969,
        0.8497409326424871,
        0.8652849740932642,
        0.9222797927461139,
        0.5595854922279793,
        0.8652849740932642,
        0.9222797927461139
    ],
    "val_precision": [
        0.6515151515151515,
        0.8018867924528302,
        0.6774193548387096,
        0.8941176470588236,
        0.8137254901960784,
        0.8349514563106796,
        0.9397590361445783,
        0.9487179487179487,
        0.8252427184466019,
        0.9512195121951219,
        0.8415841584158416,
        0.9418604651162791,
        0.9746835443037974,
        0.9666666666666667,
        0.7830188679245284,
        0.7837837837837838,
        0.8936170212765957,
        1.0,
        0.7889908256880734,
        0.8936170212765957
    ],
    "val_recall": [
        0.9662921348314607,
        0.9550561797752809,
        0.9438202247191011,
        0.8539325842696629,
        0.9325842696629213,
        0.9662921348314607,
        0.8764044943820225,
        0.8314606741573034,
        0.9550561797752809,
        0.8764044943820225,
        0.9550561797752809,
        0.9101123595505618,
        0.8651685393258427,
        0.3258426966292135,
        0.9325842696629213,
        0.9775280898876404,
        0.9438202247191011,
        0.0449438202247191,
        0.9662921348314607,
        0.9438202247191011
    ],
    "val_f1": [
        0.7782805429864253,
        0.8717948717948718,
        0.7887323943661971,
        0.8735632183908046,
        0.8691099476439791,
        0.8958333333333334,
        0.9069767441860465,
        0.8862275449101796,
        0.8854166666666666,
        0.9122807017543859,
        0.8947368421052632,
        0.9257142857142857,
        0.9166666666666666,
        0.48739495798319327,
        0.8512820512820513,
        0.87,
        0.9180327868852459,
        0.08602150537634409,
        0.8686868686868687,
        0.9180327868852459
    ]
}