{
    "train_loss": [
        0.638805436508201,
        0.2650879353555415,
        0.22109391870588335,
        0.19584521499357335,
        0.19009196681541846,
        0.1521056177048677,
        0.15419885056569263,
        0.13628675902090803,
        0.12463901405489669,
        0.15465274303571724,
        0.13198171728006752,
        0.1473605692024245,
        0.1829455117539209,
        0.13686357672614965,
        0.12320840158215911,
        0.08423391192977531,
        0.10800884716821552,
        0.09173337727224626,
        0.10332279760008811,
        0.07159160623223014
    ],
    "train_accuracy": [
        0.7014267185473411,
        0.9084306095979248,
        0.9182879377431906,
        0.9325551232166018,
        0.9395590142671855,
        0.9486381322957198,
        0.9444876783398184,
        0.9488975356679636,
        0.9561608300907912,
        0.9468223086900129,
        0.9559014267185474,
        0.9491569390402075,
        0.9343709468223087,
        0.9559014267185474,
        0.9566796368352789,
        0.967833981841764,
        0.9652399481193256,
        0.9667963683527886,
        0.9631647211413749,
        0.9750972762645914
    ],
    "val_loss": [
        0.4560223505820191,
        2.872830671325564,
        0.9756933224093111,
        0.2988647860197418,
        14.355350948985993,
        3.41181761983759,
        0.20717057211257014,
        9.193886469017187,
        1.7544818056525344,
        7.818519828232935,
        17.41836737598162,
        0.4424048532476079,
        0.23194137980939503,
        0.7056728640445773,
        0.38450613768452807,
        0.35694031566960516,
        0.7922220384514664,
        6.119992167684081,
        0.49251084932983724,
        26.37269173261415
    ],
    "val_accuracy": [
        0.7927461139896373,
        0.5647668393782384,
        0.6683937823834197,
        0.9067357512953368,
        0.538860103626943,
        0.5751295336787565,
        0.9119170984455959,
        0.5751295336787565,
        0.7202072538860104,
        0.5440414507772021,
        0.538860103626943,
        0.8601036269430051,
        0.927461139896373,
        0.8186528497409327,
        0.8911917098445595,
        0.9067357512953368,
        0.7202072538860104,
        0.5699481865284974,
        0.8860103626943006,
        0.538860103626943
    ],
    "val_precision": [
        0.9454545454545454,
        1.0,
        0.5816993464052288,
        0.9733333333333334,
        0.0,
        1.0,
        0.9390243902439024,
        1.0,
        0.6223776223776224,
        1.0,
        0.0,
        0.918918918918919,
        0.9518072289156626,
        0.725,
        0.84,
        0.865979381443299,
        0.972972972972973,
        1.0,
        0.8316831683168316,
        0.0
    ],
    "val_recall": [
        0.5842696629213483,
        0.056179775280898875,
        1.0,
        0.8202247191011236,
        0.0,
        0.07865168539325842,
        0.8651685393258427,
        0.07865168539325842,
        1.0,
        0.011235955056179775,
        0.0,
        0.7640449438202247,
        0.8876404494382022,
        0.9775280898876404,
        0.9438202247191011,
        0.9438202247191011,
        0.4044943820224719,
        0.06741573033707865,
        0.9438202247191011,
        0.0
    ],
    "val_f1": [
        0.7222222222222222,
        0.10638297872340426,
        0.7355371900826446,
        0.8902439024390244,
        0.0,
        0.14583333333333334,
        0.9005847953216374,
        0.14583333333333334,
        0.7672413793103449,
        0.022222222222222223,
        0.0,
        0.8343558282208589,
        0.9186046511627907,
        0.8325358851674641,
        0.8888888888888888,
        0.9032258064516129,
        0.5714285714285714,
        0.12631578947368421,
        0.8842105263157894,
        0.0
    ]
}